INSERT INTO DEPARTMENT VALUES ( 'DEP000','D. Administrativo',null );
INSERT INTO DEPARTMENT VALUES ( 'DEP001','D. Administrativo',null );
INSERT INTO DEPARTMENT VALUES ( 'DEP002','D. Servicios de planta',null );
INSERT INTO DEPARTMENT VALUES ( 'DEP003','D. Logistica',null );
INSERT INTO DEPARTMENT VALUES ( 'DEP004','D. Administrativo',null );
INSERT INTO DEPARTMENT VALUES ( 'DEP005','D. Recursos Humanos',null );
INSERT INTO DEPARTMENT VALUES ( 'DEP006','D. Produccion',null );
INSERT INTO DEPARTMENT VALUES ( 'DEP007','D. Contable',null );
INSERT INTO DEPARTMENT VALUES ( 'DEP008','D. Logistica',null );
INSERT INTO DEPARTMENT VALUES ( 'DEP009','D. Marketing',null );
INSERT INTO DEPARTMENT VALUES ( 'DEP010','D. Recursos Humanos',null );
INSERT INTO DEPARTMENT VALUES ( 'DEP011','D. Administrativo',null );
INSERT INTO DEPARTMENT VALUES ( 'DEP012','D. Administrativo',null );
INSERT INTO DEPARTMENT VALUES ( 'DEP013','D. Financiero',null );
INSERT INTO DEPARTMENT VALUES ( 'DEP014','D. Marketing',null );
INSERT INTO DEPARTMENT VALUES ( 'DEP015','D. Servicios de planta',null );
INSERT INTO DEPARTMENT VALUES ( 'DEP016','D. Servicios de planta',null );
INSERT INTO DEPARTMENT VALUES ( 'DEP017','D. Administrativo',null );
INSERT INTO DEPARTMENT VALUES ( 'DEP018','D. Recursos Humanos',null );
INSERT INTO DEPARTMENT VALUES ( 'DEP019','D. Marketing',null );

INSERT INTO EMPLOYEE VALUES ( 'EMP000','Luz','Cardona','5044 AgnosVille',TO_DATE('15/02/1996','dd/mm/yyyy'),'F','Jefe','DEP000' );
INSERT INTO EMPLOYEE VALUES ( 'EMP001','Danna','Hurtado','3475 Siempre Viva',TO_DATE('15/07/1969','dd/mm/yyyy'),'M','Jefe','DEP001' );
INSERT INTO EMPLOYEE VALUES ( 'EMP002','Andrea','Escobar','4498 La Revolucion',TO_DATE('24/10/1999','dd/mm/yyyy'),'M','Jefe','DEP002' );
INSERT INTO EMPLOYEE VALUES ( 'EMP003','Nelson','Mosquera','3300 Las Margaritas',TO_DATE('12/10/1966','dd/mm/yyyy'),'M','Jefe','DEP003' );
INSERT INTO EMPLOYEE VALUES ( 'EMP004','Luz','Valencia','5705 Aures',TO_DATE('29/02/2004', 'dd/mm/yyyy' ),'F','Jefe','DEP004' );
INSERT INTO EMPLOYEE VALUES ( 'EMP005','Camila','Cordoba','7127 Pance',TO_DATE('08/08/1992', 'dd/mm/yyyy' ),'M','Jefe','DEP005' );
INSERT INTO EMPLOYEE VALUES ( 'EMP006','Anibal','Corrales','1463 Springfield',TO_DATE('24/10/1993', 'dd/mm/yyyy' ),'M','Jefe','DEP006' );
INSERT INTO EMPLOYEE VALUES ( 'EMP007','Andrea','Gutierrez','9429 Springfield',TO_DATE('17/06/1989', 'dd/mm/yyyy' ) ,'M','Jefe','DEP007' );
INSERT INTO EMPLOYEE VALUES ( 'EMP008','Juan','Villegas','10139 Castillo',TO_DATE('13/05/1972', 'dd/mm/yyyy' ),'M','Jefe','DEP008' );
INSERT INTO EMPLOYEE VALUES ( 'EMP009','Jose','Lopez','10548 San Cristobal',TO_DATE('21/04/1975', 'dd/mm/yyyy' ),'F','Jefe','DEP009' );
INSERT INTO EMPLOYEE VALUES ( 'EMP010','Anibal','Romero','2053 Ciudad Cordoba',TO_DATE('09/07/1986', 'dd/mm/yyyy' ),'F','Jefe','DEP010' );
INSERT INTO EMPLOYEE VALUES ( 'EMP011','Andrea','Garcia','10914 Pance',TO_DATE('22/07/1973', 'dd/mm/yyyy' ),'M','Jefe','DEP011' );
INSERT INTO EMPLOYEE VALUES ( 'EMP012','Valentina','Lopez','9095 Siempre Viva',TO_DATE('12/04/1967', 'dd/mm/yyyy' ),'F','Jefe','DEP012' );
INSERT INTO EMPLOYEE VALUES ( 'EMP013','Alejandro','Rodriguez','1834 Las Lomas',TO_DATE('13/09/1981', 'dd/mm/yyyy' ),'M','Jefe','DEP013' );
INSERT INTO EMPLOYEE VALUES ( 'EMP014','Anderson','Hurtado','2193 Terron Colorado',TO_DATE('11/05/1960', 'dd/mm/yyyy' ),'F','Jefe','DEP014' );
INSERT INTO EMPLOYEE VALUES ( 'EMP015','Laura','Escobar','7446 Siempre Viva',TO_DATE('13/10/1982', 'dd/mm/yyyy' ),'F','Jefe','DEP015' );
INSERT INTO EMPLOYEE VALUES ( 'EMP016','Natalia','Hurtado','2537 Ciudad Cordoba',TO_DATE('02/01/1997', 'dd/mm/yyyy' ),'M','Jefe','DEP016' );
INSERT INTO EMPLOYEE VALUES ( 'EMP017','Valentina','Nuñez','4807 La Revolucion',TO_DATE('19/08/1962', 'dd/mm/yyyy' ),'F','Jefe','DEP017' );
INSERT INTO EMPLOYEE VALUES ( 'EMP018','Camilo','Triana','2232 New New York', TO_DATE('30/05/1969', 'dd/mm/yyyy' ),'F','Jefe','DEP018' );
INSERT INTO EMPLOYEE VALUES ( 'EMP019','Lucas','Bolivar','6094 Springfield',TO_DATE('06/06/1982', 'dd/mm/yyyy' ),'M','Jefe','DEP019' );

UPDATE DEPARTMENT
	SET EMPNO='EMP000'
	WHERE DEPTNO='DEP000';

UPDATE DEPARTMENT
	SET EMPNO='EMP001'
	WHERE DEPTNO='DEP001';

UPDATE DEPARTMENT
	SET EMPNO='EMP002'
	WHERE DEPTNO='DEP002';

UPDATE DEPARTMENT
	SET EMPNO='EMP003'
	WHERE DEPTNO='DEP003';

UPDATE DEPARTMENT
	SET EMPNO='EMP004'
	WHERE DEPTNO='DEP004';

UPDATE DEPARTMENT
	SET EMPNO='EMP005'
	WHERE DEPTNO='DEP005';

UPDATE DEPARTMENT
	SET EMPNO='EMP006'
	WHERE DEPTNO='DEP006';

UPDATE DEPARTMENT
	SET EMPNO='EMP007'
	WHERE DEPTNO='DEP007';

UPDATE DEPARTMENT
	SET EMPNO='EMP008'
	WHERE DEPTNO='DEP008';

UPDATE DEPARTMENT
	SET EMPNO='EMP009'
	WHERE DEPTNO='DEP009';

UPDATE DEPARTMENT
	SET EMPNO='EMP010'
	WHERE DEPTNO='DEP010';

UPDATE DEPARTMENT
	SET EMPNO='EMP011'
	WHERE DEPTNO='DEP11';

UPDATE DEPARTMENT
	SET EMPNO='EMP012'
	WHERE DEPTNO='DEP012';

UPDATE DEPARTMENT
	SET EMPNO='EMP013'
	WHERE DEPTNO='DEP013';

UPDATE DEPARTMENT
	SET EMPNO='EMP014'
	WHERE DEPTNO='DEP014';

UPDATE DEPARTMENT
	SET EMPNO='EMP015'
	WHERE DEPTNO='DEP015';

UPDATE DEPARTMENT
	SET EMPNO='EMP016'
	WHERE DEPTNO='DEP016';

UPDATE DEPARTMENT
	SET EMPNO='EMP017'
	WHERE DEPTNO='DEP017';

UPDATE DEPARTMENT
	SET EMPNO='EMP018'
	WHERE DEPTNO='DEP018';

UPDATE DEPARTMENT
	SET EMPNO='EMP019'
	WHERE DEPTNO='DEP019';

INSERT INTO PROJECT VALUES ( 'PRO000',59972893,'DEP012' );
INSERT INTO PROJECT VALUES ( 'PRO001',69223260,'DEP014' );
INSERT INTO PROJECT VALUES ( 'PRO002',68340572,'DEP003' );
INSERT INTO PROJECT VALUES ( 'PRO003',64814282,'DEP006' );
INSERT INTO PROJECT VALUES ( 'PRO004',41691248,'DEP010' );
INSERT INTO PROJECT VALUES ( 'PRO005',38668107,'DEP010' );
INSERT INTO PROJECT VALUES ( 'PRO006',74498409,'DEP002' );
INSERT INTO PROJECT VALUES ( 'PRO007',74959707,'DEP017' );
INSERT INTO PROJECT VALUES ( 'PRO008',72484489,'DEP002' );
INSERT INTO PROJECT VALUES ( 'PRO009',81562221,'DEP012' );
INSERT INTO PROJECT VALUES ( 'PRO010',92133946,'DEP008' );
INSERT INTO PROJECT VALUES ( 'PRO011',32055346,'DEP013' );
INSERT INTO PROJECT VALUES ( 'PRO012',56157420,'DEP017' );
INSERT INTO PROJECT VALUES ( 'PRO013',1697290,'DEP006' );
INSERT INTO PROJECT VALUES ( 'PRO014',41199641,'DEP010' );
INSERT INTO PROJECT VALUES ( 'PRO015',67433242,'DEP004' );
INSERT INTO PROJECT VALUES ( 'PRO016',32231808,'DEP006' );
INSERT INTO PROJECT VALUES ( 'PRO017',6338632,'DEP015' );
INSERT INTO PROJECT VALUES ( 'PRO018',65080576,'DEP015' );
INSERT INTO PROJECT VALUES ( 'PRO019',12516012,'DEP013' );


INSERT INTO WORKSON VALUES ( 'EMP006','PRO008',TO_DATE('29/02/2004', 'dd/mm/yyyy' ),76710730 );
INSERT INTO WORKSON VALUES ( 'EMP016','PRO002',TO_DATE('08/08/1992', 'dd/mm/yyyy' ),4902901 );
INSERT INTO WORKSON VALUES ( 'EMP004','PRO013',TO_DATE('24/10/1997', 'dd/mm/yyyy' ),7601075 );
INSERT INTO WORKSON VALUES ( 'EMP001','PRO006',TO_DATE('24/10/1995', 'dd/mm/yyyy' ),45373863 );
INSERT INTO WORKSON VALUES ( 'EMP006','PRO012',TO_DATE('24/10/1999', 'dd/mm/yyyy' ),40932511 );
INSERT INTO WORKSON VALUES ( 'EMP009','PRO015',TO_DATE('24/10/1997', 'dd/mm/yyyy' ),33286049 );
INSERT INTO WORKSON VALUES ( 'EMP006','PRO009',TO_DATE('24/10/1992', 'dd/mm/yyyy' ),57517548 );
INSERT INTO WORKSON VALUES ( 'EMP004','PRO007',TO_DATE('24/10/1991', 'dd/mm/yyyy' ),83705082 );
INSERT INTO WORKSON VALUES ( 'EMP014','PRO016',TO_DATE('24/10/1989', 'dd/mm/yyyy' ),64233574 );
INSERT INTO WORKSON VALUES ( 'EMP017','PRO009',TO_DATE('24/10/2000', 'dd/mm/yyyy' ),32591445 );
INSERT INTO WORKSON VALUES ( 'EMP010','PRO007',TO_DATE('24/10/1999', 'dd/mm/yyyy' ),68718532 );
INSERT INTO WORKSON VALUES ( 'EMP009','PRO017',TO_DATE('24/10/1999', 'dd/mm/yyyy' ),96069530 );
INSERT INTO WORKSON VALUES ( 'EMP017','PRO007',TO_DATE('24/10/1994', 'dd/mm/yyyy' ),3779738 );
INSERT INTO WORKSON VALUES ( 'EMP005','PRO004',TO_DATE('24/10/2009', 'dd/mm/yyyy' ),93667637 );
INSERT INTO WORKSON VALUES ( 'EMP000','PRO002',TO_DATE('24/10/2004', 'dd/mm/yyyy' ),36281460 );
INSERT INTO WORKSON VALUES ( 'EMP013','PRO000',TO_DATE('24/10/2005', 'dd/mm/yyyy' ),82794533 );
INSERT INTO WORKSON VALUES ( 'EMP011','PRO011',TO_DATE('24/10/2009', 'dd/mm/yyyy' ),20276880 );
INSERT INTO WORKSON VALUES ( 'EMP012','PRO012',TO_DATE('24/10/2010', 'dd/mm/yyyy' ),76718214 );
INSERT INTO WORKSON VALUES ( 'EMP014','PRO007',TO_DATE('24/10/1989', 'dd/mm/yyyy' ),79150064 );
INSERT INTO WORKSON VALUES ( 'EMP017','PRO012',TO_DATE('24/10/1999', 'dd/mm/yyyy' ),43312506 );


